zin;label
De aarde draait om de zon;0
Dit is de beste film ooit;1
Water kookt op 100 graden;0
Ik vind deze muziek verschrikkelijk;1
De Mount Everest is 8849 meter hoog;0
Ik denk dat paars de mooiste kleur is;1
Nederland heeft 17 miljoen inwoners;0
Deze vakantie was absoluut geweldig;1
De aarde draait om de zon;0
Ik vind chocolade het lekkerste snoep;1
Water bestaat uit waterstof en zuurstof;0
Deze stoel zit ontzettend comfortabel;1
Parijs is de hoofdstad van Frankrijk;0
Volgens mij is dit een slechte beslissing;1
Een week heeft zeven dagen;0
Dit boek is ongelooflijk saai;1
De mens heeft twee longen;0
Ik denk dat honden leuker zijn dan katten;1
De Noordzee grenst aan Nederland;0
Deze maaltijd smaakt fantastisch;1
IJzer is een metaal;0
Die film was veel te langdradig;1
De maan draait om de aarde;0
Ik vind rood een prachtige kleur;1
Een uur bestaat uit zestig minuten;0
Dit restaurant heeft het lekkerste eten;1
Planten gebruiken fotosynthese;0
Volgens mij is dit een geweldige uitvinding;1
Japan ligt in Azië;0
Deze auto ziet er prachtig uit;1
Het menselijk lichaam heeft een skelet;0
Ik vind regenachtig weer vervelend;1
Zuurstof heeft atoomnummer 8;0
Dit liedje klinkt prachtig;1
De Rijn stroomt door meerdere landen;0
Ik denk dat voetbal de leukste sport is;1
Saturnus heeft ringen;0
Deze kamer is veel te klein;1
Koper geleidt elektriciteit;0
Volgens mij is dat een slimme leerling;1
Een driehoek heeft drie zijden;0
Deze taart is heerlijk;1
De Sahara is een woestijn;0
Ik vind wintersport geweldig;1
Een decennium duurt tien jaar;0
Dit is de mooiste stad van Nederland;1
Berlijn ligt in Duitsland;0
Volgens mij is dat een slechte film;1
Het hart pompt bloed door het lichaam;0
Deze computer werkt ontzettend snel;1
Mercurius is een planeet;0
Ik vind geschiedenis een interessant vak;1
Een kilogram bestaat uit duizend gram;0
Dit uitzicht is adembenemend;1
De Stille Oceaan is een oceaan;0
Volgens mij is blauw de mooiste kleur;1
Mieren zijn insecten;0
Deze les is saai;1
De evenaar verdeelt de aarde in twee hemisferen;0
Ik vind pizza lekkerder dan pasta;1
Londen ligt aan de rivier de Theems;0
Dit hotel is fantastisch;1
Een vierkant heeft vier gelijke zijden;0
Volgens mij is dat een uitstekend idee;1
De aarde heeft één natuurlijke satelliet;0
Deze bank zit niet prettig;1
Neptunus is verder van de zon dan de aarde;0
Ik vind dit spel erg leuk;1
Een jaar heeft twaalf maanden;0
Dit is een prachtige foto;1
Goud heeft symbool Au;0
Volgens mij is die acteur overschat;1
Walvissen zijn zoogdieren;0
Deze schoenen zijn erg mooi;1
De Alpen liggen in Europa;0
Ik vind thee lekkerder dan koffie;1
Een rechthoek heeft vier hoeken;0
Dit is de beste dag van de week;1
De zon is een ster;0
Volgens mij is dat een slechte gewoonte;1
Vogels leggen eieren;0
Deze vakantie was geweldig;1
De Atlantische Oceaan ligt tussen Amerika en Europa;0
Ik vind dit onderwerp interessant;1
Een cirkel heeft geen hoeken;0
Dit is een indrukwekkend gebouw;1
De mens behoort tot de primaten;0
Volgens mij is dat een saaie presentatie;1
Elektronen hebben een negatieve lading;0
Deze muziek klinkt verschrikkelijk;1
Mars wordt de rode planeet genoemd;0
Ik vind strandvakanties heerlijk;1
Een etmaal duurt vierentwintig uur;0
Dit is een schitterend schilderij;1
De Middellandse Zee ligt tussen Europa en Afrika;0
Volgens mij is dit de juiste keuze;1
Bomen nemen koolstofdioxide op;0
Ik vind dit een prachtig verhaal;1
De aarde is ongeveer 4,5 miljard jaar oud;0
Deze app is ontzettend handig;1
Een kubus heeft zes vlakken;0
Volgens mij is dit het lekkerste dessert;1
Amsterdam is de hoofdstad van Nederland;0
Ik vind Amsterdam de mooiste stad van Nederland;1
Een vierkant heeft vier zijden;0
Deze pizza smaakt heerlijk;1
De aarde draait om de zon;0
Volgens mij is dit een slecht plan;1
Water bevriest bij 0 graden Celsius;0
Ik vind winters veel gezelliger dan zomers;1
Een mens heeft twee ogen;0
Deze film is fantastisch;1
Frankrijk ligt in Europa;0
Ik denk dat katten leuker zijn dan honden;1
Een jaar telt twaalf maanden;0
Dit boek is ontzettend saai;1
De maan draait om de aarde;0
Ik vind deze kleur prachtig;1
IJzer is een metaal;0
Deze auto ziet er lelijk uit;1
Een driehoek heeft drie hoeken;0
Volgens mij is dat een slimme keuze;1
De Rijn stroomt door Duitsland;0
Ik vind zwemmen de leukste sport;1
Zuurstof is een chemisch element;0
Deze kamer voelt ongezellig aan;1
Saturnus heeft ringen;0
Ik denk dat deze muziek geweldig is;1
Een etmaal duurt 24 uur;0
Dit is het beste restaurant van de stad;1
Bomen nemen koolstofdioxide op;0
Ik vind regen vervelend;1
Mars wordt de rode planeet genoemd;0
Deze presentatie was interessant;1
Een kubus heeft zes vlakken;0
Volgens mij is dat een slechte film;1
China ligt in Azië;0
Ik vind geschiedenis een leuk vak;1
Een kilogram is duizend gram;0
Deze stoel zit ongemakkelijk;1
Vogels leggen eieren;0
Ik denk dat blauw de mooiste kleur is;1
Mercurius is de dichtstbijzijnde planeet bij de zon;0
Dit uitzicht is adembenemend;1
Een cirkel heeft geen hoeken;0
Volgens mij is dit een briljant idee;1
Walvissen zijn zoogdieren;0
Ik vind deze app erg handig;1
De Atlantische Oceaan ligt tussen Europa en Amerika;0
Deze vakantie was geweldig;1
Een week heeft zeven dagen;0
Ik denk dat dit de leukste attractie is;1
De Mount Everest is de hoogste berg boven zeeniveau;0
Deze taart smaakt verschrikkelijk;1
Planten gebruiken fotosynthese;0
Ik vind deze jas mooi;1
De Noordpool ligt op het noordelijk halfrond;0
Volgens mij is dat een saaie les;1
Een rechthoek heeft vier hoeken;0
Deze computer werkt uitstekend;1
Japan bestaat uit meerdere eilanden;0
Ik vind thee lekkerder dan koffie;1
Elektronen hebben een negatieve lading;0
Dit schilderij is prachtig;1
De Sahara is een woestijn;0
Ik denk dat deze acteur overschat is;1
Goud heeft atoomnummer 79;0
Deze tuin ziet er schitterend uit;1
Een minuut heeft zestig seconden;0
Volgens mij is dat een slechte gewoonte;1
De Middellandse Zee ligt tussen Europa en Afrika;0
Ik vind dit liedje irritant;1
Neptunus is een planeet;0
Deze school heeft een fijne sfeer;1
Koper geleidt elektriciteit;0
Ik denk dat voetbal de leukste teamsport is;1
Een halve cirkel is 180 graden;0
Dit gerecht smaakt fantastisch;1
Londen ligt in het Verenigd Koninkrijk;0
Ik vind dit onderwerp saai;1
Mieren zijn insecten;0
Deze laptop is geweldig;1
De aarde heeft één natuurlijke satelliet;0
Volgens mij is rood de mooiste kleur;1
Een decennium duurt tien jaar;0
Deze kamer is veel te klein;1
Berlijn is de hoofdstad van Duitsland;0
Ik vind dit hotel uitstekend;1
Het hart pompt bloed door het lichaam;0
Deze fiets rijdt prettig;1
De Alpen liggen in Europa;0
Ik denk dat deze beslissing verkeerd is;1
Een driehoek heeft drie zijden;0
Dit boek is indrukwekkend;1
Spinnen hebben acht poten;0
Ik vind deze film ontroerend;1
De evenaar verdeelt de aarde in twee hemisferen;0
Volgens mij is dit een slimme investering;1
Het menselijk skelet bevat botten;0
Deze muziek klinkt prachtig;1
De Stille Oceaan is de grootste oceaan;0
Ik vind deze kamer gezellig;1
Een uur heeft zestig minuten;0
Dit is de mooiste foto die ik ooit heb gezien;1
De zon is een ster;0
Volgens mij is dat een uitstekende docent;1
Waterstof is het lichtste element;0
Ik vind dit spel leuk;1
Canberra is de hoofdstad van Australië;0
Deze maaltijd was teleurstellend;1
Een vierkant heeft vier hoeken;0
Ik denk dat dit een geweldig boek is;1
De Nijl stroomt door Afrika;0
Deze straat ziet er mooi uit;1
De aarde is ongeveer 4,5 miljard jaar oud;0
Ik vind dit een slecht ontwerp;1
Een kubus heeft twaalf ribben;0
Volgens mij is dit de beste oplossing;1
De maan weerkaatst zonlicht;0
Deze wedstrijd was spannend;1
Bijen produceren honing;0
Ik vind deze stoel lelijk;1
Een liter bevat duizend milliliter;0
Deze vakantie was saai;1
Mexico ligt in Noord-Amerika;0
Ik denk dat dit een goede film is;1
Het menselijk lichaam heeft een huid;0
Deze koffie smaakt heerlijk;1
Een rechte hoek is 90 graden;0
Ik vind dit museum interessant;1
De Andes liggen in Zuid-Amerika;0
Volgens mij is dat een slechte aankoop;1
Een cel bevat DNA;0
Deze jas staat je goed;1
Rusland is het grootste land ter wereld;0
Ik vind dit een briljant idee;1
Een driehoek heeft een hoekensom van 180 graden;0
Deze sport is saai;1
De zon komt op in het oosten;0
Ik denk dat deze muziek vervelend is;1
Haaien leven in zeeën en oceanen;0
Dit park is prachtig;1
De aarde draait in ongeveer 24 uur om haar as;0
Ik vind dit gerecht niet lekker;1
India ligt in Azië;0
Deze voorstelling was geweldig;1
Een vierkant heeft gelijke zijden;0
Volgens mij is dit een slechte service;1
Vissen ademen met kieuwen;0
Ik vind dit een mooie kleur;1
De temperatuur wordt gemeten in graden;0
Deze laptop is waardeloos;1
Een weekeinde bestaat uit zaterdag en zondag;0
Ik denk dat deze stad prachtig is;1
De oceaan bevat zout water;0
Deze les was nuttig;1
Zilver is een metaal;0
Ik vind dit lied geweldig;1
De aarde heeft continenten;0
Deze film was verschrikkelijk;1
Een meter bestaat uit honderd centimeter;0
Volgens mij is dit een slimme strategie;1
Kangoeroes komen oorspronkelijk uit Australië;0
Ik vind dit restaurant slecht;1
De zon produceert energie door kernfusie;0
Deze auto rijdt heerlijk;1
Een kwartier duurt vijftien minuten;0
Ik denk dat dit een prachtige tuin is;1
De Grote Oceaan wordt ook de Stille Oceaan genoemd;0
Deze game is verslavend leuk;1
IJs smelt boven 0 graden Celsius;0
Ik vind dit gebouw indrukwekkend;1
De aarde heeft een atmosfeer;0
Volgens mij is dit een slechte keuze;1
Pinguïns zijn vogels;0
Deze taart is de lekkerste die ik ooit heb gegeten;1
Een mens heeft een hersenenstelsel;0
Ik vind dit verhaal ontroerend;1
De hoofdstad van Spanje is Madrid;0
Deze broek zit comfortabel;1
Een driehoek heeft drie punten;0
Ik denk dat dit een saaie bijeenkomst wordt;1
De Noordzee ligt ten westen van Nederland;0
Deze schilder is uitzonderlijk goed;1
Bacteriën zijn micro-organismen;0
Ik vind dit nummer irritant;1
Een rechthoekige driehoek bevat een rechte hoek;0
Deze app werkt geweldig;1
De aarde heeft oceanen;0
Volgens mij is dit de mooiste plek ter wereld;1
De zon staat verder van de aarde dan de maan;0
Ik vind deze vakantie geweldig;1
Olifanten zijn zoogdieren;0
Deze bank is erg mooi;1
Een cirkel heeft een middelpunt;0
Ik denk dat dit een slechte investering is;1
De hoofdstad van Italië is Rome;0
Deze soep smaakt heerlijk;1
Water heeft een chemische formule van H₂O;0
Ik vind dit boek inspirerend;1
De evenaar is een denkbeeldige lijn;0
Deze klas is gezellig;1
Een driehoek is een veelhoek;0
Volgens mij is dit een uitstekende film;1
De aarde is afgeplat aan de polen;0
Ik vind dit ontwerp prachtig;1
Een dag heeft 1440 minuten;0
Deze muziek is fantastisch;1
De Alpen bevatten hoge bergtoppen;0
Ik denk dat dit een slechte beslissing was;1
Een vierkant is een rechthoek;0
Deze stad is ontzettend mooi;1
De maan heeft geen eigen lichtbron;0
Ik vind dit gerecht geweldig;1
Een kubus heeft acht hoekpunten;0
Volgens mij is dit een uitstekend boek;1
Nederland ligt in Europa;0
Deze presentatie was saai;1
Een seconde is een tijdseenheid;0
Ik vind dit de leukste sport ooit;1
Het menselijk lichaam bevat organen;0
Deze vakantie was onvergetelijk;1
De zon is groter dan de aarde;0
Ik denk dat dit een prachtig schilderij is;1
Een driehoek heeft drie lijnen als zijden;0
Deze auto is de mooiste die ik ooit heb gezien;1
De aarde draait in een baan om de zon;0
Ik vind dit een fantastisch idee;1
De Eiffeltoren staat in Parijs;0
Ik vind de Eiffeltoren mooier dan de meeste moderne gebouwen;1
Een octopus heeft drie harten;0
Deze vergadering duurde veel te lang;1
De snelheid van het licht in vacuüm is ongeveer 300.000 kilometer per seconde;0
Volgens mij is natuurkunde het interessantste schoolvak;1
Een schaakbord bevat 64 vakjes;0
Dit restaurant heeft een onaangename sfeer;1
Mount Everest ligt in de Himalaya;0
Ik vind bergbeklimmen spannender dan voetbal;1
Bijen verzamelen nectar uit bloemen;0
Deze app is onnodig ingewikkeld;1
De Atlantische Oceaan ligt tussen Europa en Amerika;0
Ik denk dat deze film een meesterwerk is;1
Een walvis is een zoogdier;0
Deze stoel ziet er goedkoop uit;1
Japan bestaat uit duizenden eilanden;0
Ik vind sushi lekkerder dan pizza;1
Water bevriest bij 0 graden Celsius onder standaarddruk;0
Deze uitleg was verwarrend;1
Het menselijk lichaam bevat meer dan 200 botten;0
Volgens mij is dit een uitstekende investering;1
De maan heeft geen eigen lichtbron;0
Deze muziek klinkt eentonig;1
Een hectare is 10.000 vierkante meter;0
Ik vind dit boek verrassend goed;1
De Nijl stroomt door meerdere Afrikaanse landen;0
Deze kleurcombinatie werkt niet goed;1
Koper geleidt elektriciteit;0
Ik denk dat treinreizen ontspannender zijn dan vliegen;1
Pinguïns kunnen niet vliegen;0
Deze presentatie was inspirerend;1
De aarde draait in ongeveer 24 uur om haar as;0
Volgens mij is dit een slechte gewoonte;1
Venus is de tweede planeet vanaf de zon;0
Deze jas ziet er stijlvol uit;1
Een spin heeft acht poten;0
Ik vind dit spel frustrerend;1
De Grote Oceaan is de grootste oceaan op aarde;0
Deze foto is prachtig vastgelegd;1
Een liter bestaat uit duizend milliliter;0
Ik denk dat deze oplossing te ingewikkeld is;1
De hoofdstad van Canada is Ottawa;0
Dit park voelt erg rustig aan;1
Diamant bestaat uit koolstof;0
Volgens mij is deze acteur onderschat;1
Een mens heeft normaal gesproken 32 tanden;0
Deze kamer oogt ongezellig;1
De Sahara is de grootste hete woestijn ter wereld;0
Ik vind regenachtige dagen vaak sfeervol;1
Een kompas wijst naar het magnetische noorden;0
Deze website is slecht ontworpen;1
Kikkers zijn amfibieën;0
Volgens mij was dat een slimme beslissing;1
De aarde heeft één natuurlijke satelliet;0
Ik vind deze sport saai om naar te kijken;1
De Chinese muur is duizenden kilometers lang;0
Deze maaltijd smaakt uitstekend;1
Mercurius heeft geen manen;0
Ik denk dat dit een overdreven reactie is;1
Een jaar heeft doorgaans 365 dagen;0
Deze documentaire was indrukwekkend;1
Zilver heeft het chemische symbool Ag;0
Volgens mij is dit de mooiste straat van de stad;1
De Alpen strekken zich uit over meerdere landen;0
Deze computer werkt traag;1
Een driehoek heeft drie hoeken;0
Ik vind deze illustratie creatief;1
Het hart pompt bloed door het lichaam;0
Deze beslissing lijkt onverstandig;1
Een vulkaan kan lava uitspuwen;0
Volgens mij verdient dit project meer aandacht;1
Australië is zowel een land als een continent;0
Ik vind dit liedje irritant;1
De evenaar verdeelt de aarde in twee hemisferen;0
Deze stoel zit verrassend comfortabel;1
Bamboe groeit zeer snel;0
Ik denk dat deze aanpak effectief is;1
Saturnus staat bekend om zijn ringen;0
Deze winkel is veel te duur;1
Een vierkant heeft vier gelijke zijden;0
Volgens mij was de scheidsrechter partijdig;1
De zon bestaat voornamelijk uit waterstof en helium;0
Ik vind deze foto emotioneel sterk;1
Een olifant is het grootste landzoogdier;0
Deze ruimte voelt benauwd aan;1
De hoofdstad van Brazilië is Brasília;0
Ik denk dat dit een goed geschreven artikel is;1
Een regenboog ontstaat door breking en reflectie van licht;0
Deze film had een teleurstellend einde;1
De Noordpool ligt in het noordpoolgebied;0
Volgens mij is dit de beste route;1
Een kubus heeft twaalf ribben;0
Ik vind deze tuin bijzonder mooi;1
DNA bevat genetische informatie;0
Deze advertentie is misleidend;1
De Middellandse Zee ligt tussen Europa en Afrika;0
Ik denk dat deze uitvinding nuttig is;1
Een honingbij heeft zes poten;0
Deze cursus is uitstekend opgebouwd;1
De aarde is ongeveer 4,5 miljard jaar oud;0
Volgens mij is dit een overschat product;1
Een rechthoek heeft vier rechte hoeken;0
Ik vind deze stad aantrekkelijker dan de hoofdstad;1
Vleermuizen zijn zoogdieren;0
Deze vergadering was productief;1
De Mount Everest is hoger dan de Mont Blanc;0
Ik denk dat deze verpakking er goedkoop uitziet;1
Een prisma is een meetkundig lichaam;0
Deze roman is meeslepend geschreven;1
Het menselijk brein verbruikt energie;0
Volgens mij is deze kleur te fel;1
De Rijn mondt uit in de Noordzee;0
Ik vind dit museum verrassend interessant;1
Een dag telt 1440 minuten;0
Deze service is ondermaats;1
De aarde heeft zeven continenten;0
Ik denk dat dit een originele oplossing is;1
Kangoeroes komen van nature voor in Australië;0
Deze kamer heeft een prettige uitstraling;1
Een seconde is een tijdseenheid;0
Volgens mij is dit boek moeilijk te volgen;1
Het periodiek systeem bevat chemische elementen;0
Ik vind deze architectuur indrukwekkend;1
Een pinguïn legt eieren;0
Deze website laadt frustrerend langzaam;1
Mars wordt vaak de rode planeet genoemd;0
Ik denk dat dit een uitstekend idee is;1
Een cirkel heeft geen hoekpunten;0
Deze vakantie was onvergetelijk;1
De zon staat gemiddeld ongeveer 150 miljoen kilometer van de aarde;0
Volgens mij is deze prijs niet redelijk;1
Een ton is gelijk aan duizend kilogram;0
Ik vind dit ontwerp elegant;1
Het Amazonegebied bevat tropisch regenwoud;0
Deze uitleg was helder;1
Een komkommer bestaat grotendeels uit water;0
Ik denk dat deze wedstrijd saai zal worden;1
De hoofdstad van Noorwegen is Oslo;0
Deze schildering ziet er indrukwekkend uit;1
Een smartphone bevat elektronische componenten;0
Volgens mij is dit de verkeerde keuze;1
Een octopus heeft acht armen;0
Ik vind dit gerecht verrassend lekker;1
De aarde draait om de zon;0
Deze slogan klinkt erg geforceerd;1
Een regenworm leeft in de bodem;0
Ik denk dat deze oplossing elegant is;1
De Andes vormen een bergketen in Zuid-Amerika;0
Deze stoel is oncomfortabel;1
Een kubus heeft acht hoekpunten;0
Volgens mij is deze conclusie terecht;1
Water bestaat uit waterstof en zuurstof;0
Ik vind deze route veel mooier dan de snelweg;1
De hoofdstad van Argentinië is Buenos Aires;0
Deze presentatie was overtuigend;1
Een wolf behoort tot de hondachtigen;0
Ik denk dat deze reclame irritant is;1
De Noordzee grenst aan Nederland;0
Deze tuin ziet er verzorgd uit;1
Een vulkaan bevat magma onder het oppervlak;0
Volgens mij was dit een gemiste kans;1
De maan draait om de aarde;0
Ik vind deze camera gebruiksvriendelijk;1
Een rechthoek heeft twee paar evenwijdige zijden;0
Deze serie wordt steeds slechter;1
Zuurstof is noodzakelijk voor veel levensvormen;0
Ik denk dat dit een waardevolle bijdrage is;1
Een ijsbeer leeft in het noordpoolgebied;0
Deze ruimte voelt verrassend ruim aan;1
De hoofdstad van Egypte is Caïro;0
Volgens mij is dit een onnodig risico;1
Een driehoek heeft een hoekensom van 180 graden;0
Ik vind dit schilderij bijzonder expressief;1
De aarde heeft een atmosfeer;0
Deze maaltijd was teleurstellend;1
Een walnoot groeit aan een boom;0
Ik denk dat deze aanpak veel potentie heeft;1
De Stille Oceaan bevat duizenden eilanden;0
Deze tekst leest moeizaam;1
Een batterij slaat elektrische energie op;0
Volgens mij is dit een uitstekende docent;1
Een ijsblokje smelt boven zijn smeltpunt;0
Ik vind deze film veel te voorspelbaar;1
De hoofdstad van Zweden is Stockholm;0
Deze foto heeft een sterke compositie;1
Een mens heeft twee longen;0
Ik denk dat deze beslissing verstandig was;1
De regen tikte tegen het dak van het verlaten station;0
Ik vind dat wolkenkrabbers 's nachts magisch lijken;1
Een honingbij heeft zes poten;0
Deze geur doet me denken aan de perfecte zomer;1
De vulkaan spuwde as uit tijdens de uitbarsting;0
Ik denk dat stilte mooier kan zijn dan muziek;1
Een kompas wijst naar het magnetische noorden;0
Deze oude brug heeft meer karakter dan moderne gebouwen;1
De oceaan bevat opgelost zout;0
Ik vind dat deze roman een teleurstellend einde heeft;1
Een pinguïn is een vogel;0
Deze straat is de gezelligste van de hele stad;1
De maan veroorzaakt mede de getijden;0
Ik vind dat oranje de meest energieke kleur is;1
Een eik kan honderden jaren oud worden;0
Deze stoel zit verschrikkelijk ongemakkelijk;1
De trein arriveerde om 08:17 uur op het perron;0
Ik denk dat dit schilderij veel emotie uitstraalt;1
Een ijsbeer leeft in het noordpoolgebied;0
Deze soep smaakt alsof hij met liefde is gemaakt;1
De aarde heeft één natuurlijke satelliet;0
Ik vind deze reclame bijzonder irritant;1
Een spin heeft acht poten;0
Dit is de meest onderschatte film van het jaar;1
Het menselijk lichaam bevat bloedvaten;0
Ik vind dat regen een wandeling sfeervoller maakt;1
Een vulkaan bestaat uit gestolde en vloeibare gesteenten;0
Deze kamer voelt verrassend uitnodigend aan;1
Koper geleidt elektriciteit;0
Ik denk dat dit lied een meesterwerk is;1
Een kalenderjaar telt twaalf maanden;0
Deze tuin ziet er ongelooflijk verzorgd uit;1
De zon komt in het oosten op;0
Ik vind deze grap slimmer dan de meeste andere;1
Een kameel kan lange tijd zonder water;0
Deze jas ziet er veel duurder uit dan hij is;1
Het hart pompt bloed door het lichaam;0
Ik vind dat deze stad haar charme heeft verloren;1
Een regenboog ontstaat door breking van licht;0
Dit boek verdient veel meer aandacht;1
De Noordpool ligt in het noordelijk halfrond;0
Ik vind deze film veel te lang duren;1
Een schildpad legt eieren;0
Deze muziek maakt elke autorit beter;1
Water bevriest bij 0 graden Celsius;0
Ik denk dat dit de mooiste zonsondergang ooit is;1
Een walvis is een zoogdier;0
Deze website werkt verrassend prettig;1
De Alpen vormen een gebergte in Europa;0
Ik vind dat deze acteur zijn rol perfect speelt;1
Een satelliet kan om een planeet draaien;0
Dit restaurant heeft een bijzonder warme sfeer;1
Een liter is gelijk aan duizend milliliter;0
Ik vind deze kleurcombinatie erg stijlvol;1
De Amazone behoort tot de langste rivieren ter wereld;0
Deze vergadering was compleet nutteloos;1
Een diamant bestaat uit koolstof;0
Ik denk dat dit park het mooiste van de regio is;1
Een vleermuis gebruikt echolocatie;0
Deze taart smaakt uitzonderlijk goed;1
De aarde draait om haar as;0
Ik vind dat deze auto een tijdloos ontwerp heeft;1
Een uil kan goed zien in het donker;0
Dit verhaal wist me geen moment te boeien;1
Een computer verwerkt gegevens;0
Ik vind deze wijk prettiger dan het centrum;1
Een giraffe heeft een lange nek;0
Deze foto vangt de sfeer perfect;1
De Sahara is een woestijn;0
Ik denk dat deze oplossing eleganter is;1
Een brug verbindt twee punten over een obstakel;0
Deze geur is veel aangenamer dan verwacht;1
Een vulkaan kan slapend of actief zijn;0
Ik vind deze documentaire fascinerend;1
Een batterij slaat elektrische energie op;0
Dit is zonder twijfel een geweldige prestatie;1
Een ijsblokje smelt boven het vriespunt;0
Ik vind dat deze ruimte veel gezelliger ingericht kan worden;1
Een dolfijn ademt lucht;0
Deze route biedt de mooiste uitzichten;1
Een boom neemt koolstofdioxide op;0
Ik vind deze app verwarrend ontworpen;1
De aarde heeft een atmosfeer;0
Deze voorstelling was indrukwekkend van begin tot eind;1
Een krokodil is een reptiel;0
Ik denk dat deze methode veel efficiënter is;1
Een ster produceert energie door kernfusie;0
Deze kamer voelt benauwd aan;1
Een fiets heeft meestal twee wielen;0
Ik vind dat deze muziek te vaak wordt onderschat;1
Een thermometer meet temperatuur;0
Dit is de meest inspirerende toespraak die ik heb gehoord;1
Een vulkaan kan lava uitstoten;0
Ik vind deze combinatie van smaken verrassend lekker;1
Een mens heeft twee longen;0
Deze plek straalt een bijzondere rust uit;1
Een kompas bevat een magnetische naald;0
Ik vind dat dit idee meer aandacht verdient;1
De aarde maakt in ongeveer 365 dagen een omloop rond de zon;0
Deze wandeling was onvergetelijk mooi;1
De vuurtoren zond elke tien seconden een lichtsignaal uit;0
Ik vind dat de schaduw van een boom soms mooier is dan de boom zelf;1
Een octopus heeft drie harten;0
Deze gang voelde alsof hij rechtstreeks uit een droom kwam;1
De bibliotheek opende haar deuren om negen uur;0
Ik denk dat oude kaarten meer karakter hebben dan moderne navigatieapps;1
Een meteoor kan oplichten wanneer hij de atmosfeer binnendringt;0
Deze klok tikt op een opvallend rustgevende manier;1
Een bever bouwt dammen van hout en takken;0
Ik vind dat mist een landschap interessanter maakt;1
De ijslaag op het meer was vijf centimeter dik;0
Deze roman leest als een eindeloze wandeling door een doolhof;1
Een koraalrif bestaat uit kolonies van kleine dieren;0
Ik denk dat verlaten gebouwen vaak een mysterieuze schoonheid hebben;1
De slinger van de klok bleef heen en weer bewegen;0
Deze jas lijkt ontworpen voor iemand zonder smaak;1
Een vuurbal werd waargenomen boven de horizon;0
Ik vind dat het geluid van regen op een tentdak onovertroffen is;1
De trein passeerde drie tunnels tijdens de rit;0
Deze straatlantaarns geven de buurt een bijna sprookjesachtige sfeer;1
Een cactus slaat water op in zijn stengel;0
Ik denk dat dit de minst logische rotonde van het land is;1
De bergtop bleef de hele dag bedekt met sneeuw;0
Deze stilte voelt rijker dan duizend gesprekken;1
Een slak beweegt zich voort met behulp van spiercontracties;0
Ik vind dat deze film meer verwarring dan spanning oplevert;1
De antenne ontving signalen van meerdere satellieten;0
Deze oude typemachine ziet eruit alsof ze verhalen bewaart;1
Een kometenstaart wijst van de zon af;0
Ik denk dat blauwdrukken mooier zijn dan het uiteindelijke gebouw;1
De rivier trad buiten haar oevers na de storm;0
Deze geur roept onmiddellijk herinneringen op aan verre vakanties;1
Een pinguïn kan niet vliegen;0
Ik vind dat deze kamer alle gezelligheid actief probeert te vermijden;1
Het schip meerde aan in de haven;0
Deze melodie klinkt alsof de tijd even stilstaat;1
Een prismabril kan licht afbuigen;0
Ik denk dat sommige lege ruimtes meer zeggen dan volle ruimtes;1
De temperatuur daalde onder het vriespunt;0
Deze vergadering had ook een e-mail kunnen zijn;1
Een zeepaardje is een vis;0
Ik vind dat de maan veel indrukwekkender is dan de meeste wolkenkrabbers;1
De motor draaide stationair gedurende vijf minuten;0
Deze tuin lijkt ontworpen door iemand met eindeloos geduld;1
Een vulkaan bevat een magmakamer;0
Ik denk dat dit de vreemdste brug is die ik ooit heb gezien;1
De windmolen draaide door de krachtige westenwind;0
Deze straat heeft meer persoonlijkheid dan sommige mensen;1
Een adelaar heeft een scherp gezichtsvermogen;0
Ik vind dat dit schilderij tegelijkertijd rommelig en geniaal is;1
De kloktoren werd gebouwd in de negentiende eeuw;0
Deze soep smaakt alsof alle kruiden ruzie met elkaar hebben;1
Een walnoot groeit aan een boom;0
Ik denk dat oude stationsgebouwen vaak ondergewaardeerde kunstwerken zijn;1
De ballon steeg langzaam op in de lucht;0
Deze stoel lijkt comfort als concept te verwerpen;1
Een ijsberg bestaat grotendeels uit zoet water;0
Ik vind dat dit plein vooral uit stenen en teleurstelling bestaat;1
De vuurtoren staat op een rotsachtige kust;0
Deze boekwinkel voelt als een verborgen schatkamer;1
Een mol graaft tunnels onder de grond;0
Ik denk dat sommige straten mooier zijn wanneer het regent;1
De brug overspant een rivier van tweehonderd meter breed;0
Deze film lijkt twee uur lang om aandacht te vragen;1
Een telescoop vergroot verre objecten;0
Ik vind dat deze muziek klinkt als een wandeling door de herfst;1
De storm verplaatste meerdere zandduinen;0
Deze lamp geeft precies het verkeerde soort licht;1
Een ananas groeit aan een plant;0
Ik denk dat deze stad haar mooiste kant pas na zonsondergang laat zien;1
De batterij leverde twaalf volt spanning;0
Deze trap lijkt gebouwd voor bergbeklimmers;1
Een schildpad kan tientallen jaren oud worden;0
Ik vind dat dit museum veel meer aandacht verdient;1
De raket bereikte een hoogte van honderd kilometer;0
Deze kamer voelt alsof iemand vergeten is haar af te maken;1
Een zeester behoort tot de stekelhuidigen;0
Ik denk dat dit het vriendelijkste park van de stad is;1
De brug werd versterkt met stalen kabels;0
Deze geur heeft meer diepgang dan sommige parfums;1
Een lawine bestaat uit snel bewegende sneeuw;0
Ik vind dat deze route onnodig ingewikkeld is;1
De klok liep drie minuten achter;0
Deze bakkerij maakt de beste indruk nog voordat je binnen bent;1
Een regenmeter meet neerslag;0
Ik denk dat dit gebouw eruitziet als een verkeerd gevouwen doos;1
De vuurtoren is zichtbaar vanaf zee;0
Deze wandeling voelt als een ontsnapping uit de dagelijkse routine;1
Een kraai behoort tot de zangvogels;0
Ik vind dat deze kleurcombinatie onverwacht goed werkt;1
De satelliet draaide in een lage baan om de aarde;0
Deze kamer heeft de sfeer van een vergeten wachtkamer;1
Een ijsbeer heeft een dikke vetlaag;0
Ik denk dat dit het meest charmante café van de buurt is;1
De trein reed met een snelheid van 140 kilometer per uur;0
Deze roman voelt als verdwalen op de best mogelijke manier;1
Een komkommer bestaat voor ongeveer 95% uit water;0
Ik vind dat deze film meer verwarring dan vermaak biedt;1       
De diepste bekende plek in de oceaan is de Marianentrog;0
Ik vind dat wolkenkrabbers vaak karakterloos ogen;1
Een libelle brengt het grootste deel van haar leven als larve door;0
Deze agenda-indeling werkt verwarrend;1
De planeet Uranus draait vrijwel op zijn zijde;0
Volgens mij maakt dat het een van de interessantste planeten;1
Een honingraat bestaat uit zeshoekige cellen;0
Deze verpakking ziet er onprofessioneel uit;1
De langste rivier van Europa is de Wolga;0
Ik vind rivierlandschappen mooier dan berglandschappen;1
Een koalabeer slaapt gemiddeld meer dan 18 uur per dag;0
Deze tekst bevat te veel herhalingen;1
De kortste oorlog in de geschiedenis duurde minder dan een uur;0
Volgens mij is dat een opmerkelijk feit;1
Een giraf heeft evenveel nekwervels als een mens;0
Deze reclameslogan klinkt geforceerd;1
Het menselijk oog kan miljoenen kleuren onderscheiden;0
Ik vind minimalistische ontwerpen aantrekkelijk;1
De vlag van Japan bevat een rode cirkel;0
Deze uitleg voelt onvolledig;1
Een zeester heeft meestal vijf armen;0
Volgens mij is dit een creatieve oplossing;1
De zwaarste planeet in ons zonnestelsel is Jupiter;0
Ik vind dat deze film een zwak einde heeft;1
Een kameleon kan van kleur veranderen;0
Deze route is onnodig omslachtig;1
De hoofdstad van Mongolië is Ulaanbaatar;0
Ik denk dat weinig mensen die stad kunnen aanwijzen op een kaart;1
Een kolibrie kan achteruit vliegen;0
Deze kamer mist sfeer;1
De Baikalmeer is het diepste meer ter wereld;0
Volgens mij wordt dat natuurgebied onderschat;1
Een ananas groeit aan een plant, niet aan een boom;0
Ik vind dat verrassend;1
De snelheid van geluid is lager dan die van licht;0
Deze website voelt verouderd aan;1
Een sneeuwvlok bestaat uit ijskristallen;0
Ik denk dat dit een elegante formulering is;1
De hoofdstad van Nieuw-Zeeland is Wellington;0
Deze beslissing lijkt kortzichtig;1
Een flamingo krijgt zijn roze kleur door voedsel;0
Volgens mij zijn flamingo's opvallender dan pauwen;1
Een vulkaan kan eeuwenlang inactief blijven;0
Ik vind dit boek moeilijk weg te leggen;1
De langste spoorlijn ter wereld is de Trans-Siberische spoorlijn;0
Deze naam klinkt onhandig;1
Een narwal heeft een lange slagtand;0
Ik denk dat het een van de bijzonderste dieren is;1
De maan heeft een veel lagere zwaartekracht dan de aarde;0
Deze presentatie kwam ongeorganiseerd over;1
Een bliksemschicht kan heter zijn dan het oppervlak van de zon;0
Volgens mij is dat moeilijk voor te stellen;1
De hoofdstad van Kazachstan is Astana;0
Ik vind die naam krachtig klinken;1
Een eikel groeit uit tot een eik;0
Deze advertentie is misleidend;1
De Grote Barrièrerif ligt voor de kust van Australië;0
Volgens mij behoort het tot de indrukwekkendste natuurgebieden ter wereld;1
Een pinguïnsoort leeft nabij de evenaar;0
Ik vind dat verrassender dan de meeste dierfeitjes;1
Een gram goud kan tot een zeer dunne draad worden uitgerekt;0
Deze grafiek is lastig te lezen;1
De planeet Mars heeft de hoogste vulkaan van het zonnestelsel;0
Volgens mij maakt dat Mars extra fascinerend;1
Een kokosnoot is botanisch gezien een steenvrucht;0
Deze conclusie voelt te snel getrokken;1
De hoofdstad van Bhutan is Thimphu;0
Ik vind dat een van de mooiste hoofdstedennamen;1
Een luiaard beweegt zeer langzaam;0
Deze vergadering leverde weinig op;1
De aarde is niet perfect rond;0
Volgens mij wordt dat vaak vergeten;1
Een pauw met de grootste staart heeft meer kans op voortplanting;0
Ik vind dat een vreemd evolutionair mechanisme;1
De oudste bekende boom leeft al duizenden jaren;0
Deze kleurcombinatie oogt rommelig;1
Een regenboog ontstaat door breking en reflectie van licht;0
Volgens mij blijft het een indrukwekkend verschijnsel;1
De hoofdstad van IJsland is Reykjavik;0
Ik vind die stad aantrekkelijk voor een stedentrip;1
Een schildpad kan tientallen jaren oud worden;0
Deze titel trekt nauwelijks aandacht;1
De aarde bevat meer dan 70 procent water aan het oppervlak;0
Ik denk dat veel mensen dat onderschatten;1
Een panda eet voornamelijk bamboe;0
Deze slogan is niet overtuigend;1
De langste landsgrens ter wereld ligt tussen Canada en de Verenigde Staten;0
Volgens mij is dat een verrassend feit;1
Een vleermuis gebruikt echolocatie;0
Ik vind dat een van de slimste aanpassingen in de natuur;1
De hoofdstad van Georgië is Tbilisi;0
Deze naam klinkt bijzonder;1
Een ijsvogel heeft felgekleurde veren;0
Volgens mij behoort hij tot de mooiste Europese vogels;1
De planeet Neptunus heeft extreem sterke winden;0
Deze uitleg had concreter gekund;1
Een koraalrif bestaat uit levende organismen;0
Ik vind dat veel interessanter dan losse rotsformaties;1
De kortste commerciële vlucht duurt minder dan twee minuten;0
Deze routebeschrijving is onduidelijk;1
Een zeepaardjezwangerschap wordt door het mannetje gedragen;0
Volgens mij is dat een van de vreemdste kenmerken in het dierenrijk;1
De hoofdstad van Suriname is Paramaribo;0
Ik vind dat een melodieuze naam;1
Een lavalamp bevat vloeistoffen met verschillende dichtheden;0
Deze interface oogt rommelig;1
De aarde heeft tektonische platen;0
Volgens mij verklaart dat veel geologische verschijnselen;1
Een bever bouwt dammen;0
Ik vind dat opmerkelijk gedrag voor een knaagdier;1
De oudste universiteiten bestaan al meer dan 800 jaar;0
Deze indeling verspilt ruimte;1
Een valk kan tijdens een duikvlucht zeer hoge snelheden bereiken;0
Volgens mij is dat indrukwekkender dan de snelheid van veel auto's;1
De hoofdstad van Laos is Vientiane;0
Ik vind dat een ondergewaardeerde bestemming;1
Een cactus slaat water op in zijn weefsels;0
Deze naam past niet bij het product;1
De aarde draait van west naar oost;0
Volgens mij weten minder mensen dat dan je zou verwachten;1
Een axolotl kan lichaamsdelen regenereren;0
Ik vind dat bijna ongelooflijk;1
De Noordelijke IJszee is de kleinste oceaan;0
Deze beslissing lijkt inconsistent;1
Een vuurvlieg produceert licht via bioluminescentie;0
Volgens mij is dat een van de meest bijzondere natuurlijke processen;1
De hoofdstad van Madagaskar is Antananarivo;0
Ik vind die naam lastig uit te spreken;1
Een ijsberg bestaat uit zoet water;0
Deze presentatie miste focus;1
De eerste fotografie vereiste zeer lange belichtingstijden;0
Volgens mij maakt dat oude foto's extra indrukwekkend;1
Een orchidee behoort tot een van de grootste plantenfamilies;0
Ik vind orchideeën eleganter dan rozen;1
De planeet Saturnus heeft honderden bevestigde manen;0
Deze campagne komt ongeloofwaardig over;1
Een zebra heeft een uniek strepenpatroon;0
Volgens mij zijn zebra's visueel opvallender dan giraffen;1
De hoofdstad van Namibië is Windhoek;0
Ik vind dat een krachtige plaatsnaam;1
Een lawine bestaat uit snel bewegende sneeuwmassa's;0
Deze advertentie trekt te veel aandacht naar irrelevante details;1
Een mens ademt gemiddeld duizenden keren per dag;0
Volgens mij staan mensen daar zelden bij stil;1
Een papegaai kan menselijke geluiden nabootsen;0
Ik vind dat fascinerend gedrag;1
De aarde heeft een vloeibare buitenkern;0
Deze uitleg maakt het onderwerp ingewikkelder dan nodig;1
Een dolfijn slaapt met één hersenhelft tegelijk;0
Volgens mij is dat een briljante biologische oplossing;1
De hoofdstad van Botswana is Gaborone;0
Ik vind dat een onderschatte hoofdstad;1
Een meteoriet bereikt de aarde vanuit de ruimte;0
Deze tekst leest verrassend soepel;1
Een sneeuwluipaard leeft in bergachtige gebieden van Azië;0
Volgens mij behoort het tot de indrukwekkendste roofdieren;1
De planeet Venus draait in tegengestelde richting van veel andere planeten;0
Ik vind dat een van de vreemdste feiten over ons zonnestelsel;1
Een klok meet tijd;0
Deze openingszin is erg sterk;1
Een egel houdt een winterslaap;0
Volgens mij is dat een slimme overlevingsstrategie;1
De hoofdstad van Kirgizië is Bisjkek;0
Ik vind dat een interessante naam;1
Een waterval ontstaat wanneer water over een hoogteverschil stroomt;0
Deze poster oogt amateuristisch;1
Een menselijk haar groeit vanuit een haarzakje;0
Volgens mij wordt daar weinig aandacht aan besteed;1
Een albatros kan enorme afstanden afleggen boven zee;0
Ik vind dat indrukwekkender dan veel technische prestaties;1
De aarde draait eenmaal per jaar om de zon;0
Deze beschrijving voelt overdreven;1
Een termietenkolonie kan miljoenen individuen bevatten;0
Volgens mij is dat moeilijk te bevatten;1
De hoofdstad van Slovenië is Ljubljana;0
Ik vind dat een van de aantrekkelijkste hoofdstedenamen van Europa;1
De lift stopte op de twaalfde verdieping;0
Ik vind dat deze gang meer spanning oproept dan sommige thrillers;1
Een kolibrie kan achteruit vliegen;0
Deze ochtend voelt alsof de wereld een tandje zachter draait;1
De rivier mondt uit in de zee;0
Ik denk dat lege bankjes vaak nieuwsgieriger maken dan bezette;1
Een ijsblokje drijft op water;0
Deze straat lijkt speciaal gebouwd voor lange avondwandelingen;1
De antenne staat boven op het gebouw;0
Ik vind dat deze kleur een onverwacht gevoel van rust geeft;1
Een vuurvlieg produceert licht door een chemische reactie;0
Deze film sleept zich voort als een file zonder einde;1
De brug werd vorig jaar gerenoveerd;0
Ik denk dat sommige ramen mooier zijn dan het uitzicht erachter;1
Een havik jaagt op kleine dieren;0
Deze kamer voelt alsof tijd hier langzamer beweegt;1
De wekker ging af om 06:45 uur;0
Ik vind dat dit gerecht meer aandacht verdient dan het krijgt;1
Een tornado bestaat uit snel roterende lucht;0
Deze trap heeft ongeveer evenveel charme als een spreadsheet;1
De vuurtoren werd zichtbaar door de mist;0
Ik denk dat regen een stad interessanter maakt;1
Een kikker begint zijn leven als kikkervisje;0
Deze melodie klinkt alsof ze uit een andere eeuw komt;1
De zonnepanelen liggen op het dak;0
Ik vind dat deze stoel eruitziet alsof comfort verboden was tijdens het ontwerp;1
Een satelliet kan weersgegevens verzamelen;0
Deze boekomslag is mooier dan de inhoud;1
De tunnel loopt onder de rivier door;0
Ik denk dat sommige kaarten kleine kunstwerken zijn;1
Een ijsbeer kan goed zwemmen;0
Deze vergadering voelde langer dan een winter;1
De klok sloeg middernacht;0
Ik vind dat deze straat veel karakter heeft;1
Een specht maakt nestholtes in bomen;0
Deze geur heeft iets onverwacht vertrouwds;1
De trein vertrok volgens dienstregeling;0
Ik denk dat dit het meest verwarrende kruispunt van de provincie is;1
Een komeet beweegt in een baan rond de zon;0
Deze tuin lijkt met buitengewone aandacht ontworpen;1
De temperatuur bereikte 28 graden Celsius;0
Ik vind dat deze film zichzelf veel te serieus neemt;1
Een dolfijn communiceert met geluiden;0
Deze kamer voelt alsof niemand hier ooit haast heeft;1
De vuurtoren staat op een klif;0
Ik denk dat dit gebouw eruitziet als een gestapelde puzzel;1
Een esdoorn verliest zijn bladeren in de herfst;0
Deze muziek klinkt als een rustige treinreis door onbekend gebied;1
De brug rust op betonnen pijlers;0
Ik vind dat deze app meer frustratie oplost dan veroorzaakt;1
Een sneeuwvlok bestaat uit bevroren water;0
Deze soep smaakt verrassend evenwichtig;1
De motor werd uitgeschakeld na aankomst;0
Ik denk dat oude stations een sfeer hebben die nieuwe gebouwen missen;1
Een walvis kan minutenlang onder water blijven;0
Deze route is mooier dan de bestemming;1
De satelliet zond gegevens naar een grondstation;0
Ik vind dat deze ruimte ongewoon prettig aanvoelt;1
Een spin produceert zijde;0
Deze reclame voelt alsof ze mijn tijd probeert te stelen;1
De rivier stroomde langzaam door het dal;0
Ik denk dat mist het landschap interessanter maakt dan zonneschijn;1
Een vuurbal werd geregistreerd door meetapparatuur;0
Deze bibliotheek nodigt uit om urenlang rond te dwalen;1
De lift heeft een maximale capaciteit van acht personen;0
Ik vind dat deze kleur verrassend elegant oogt;1
Een zeehond is een zoogdier;0
Deze straat lijkt rechtstreeks uit een roman te komen;1
De klok wordt aangestuurd door een kwartskristal;0
Ik denk dat sommige stilte waardevoller is dan veel gesprekken;1
Een regenwoud ontvangt veel neerslag;0
Deze stoel heeft alle ergonomie van een baksteen;1
De antenne ontvangt radiosignalen;0
Ik vind dat dit plein veel gezelliger is dan het centrum;1
Een valk kan hoge snelheden bereiken tijdens een duikvlucht;0
Deze film heeft een einde dat lang blijft hangen;1
De trein passeerde vier stations onderweg;0
Ik denk dat dit de vriendelijkste boekwinkel van de stad is;1
Een batterij zet chemische energie om in elektrische energie;0
Deze kamer voelt alsof ze verhalen bewaart;1
De brug verbindt twee oevers;0
Ik vind dat deze wandeling nooit verveelt;1
Een uil jaagt voornamelijk in de nacht;0
Deze geur past perfect bij een regenachtige middag;1
De zon stond laag boven de horizon;0
Ik denk dat dit gebouw veel interessanter is dan de architect bedoelde;1
Een koraalrif biedt leefruimte aan vele soorten;0
Deze muziek heeft meer lagen dan je bij de eerste luisterbeurt merkt;1
De wind draaide naar het noordwesten;0
Ik vind dat deze straatverlichting precies de juiste sfeer creëert;1
Een zeilboot wordt voortbewogen door de wind;0
Deze roman leest als een verzameling herinneringen die nooit echt hebben plaatsgevonden;1
De vulkaan vertoonde verhoogde activiteit;0
Ik denk dat dit café de perfecte plek is om tijd te verspillen;1
Een ijsberg smelt wanneer de temperatuur stijgt;0
Deze plek voelt verder weg van de wereld dan ze werkelijk is;1
De diepste bekende grot ter wereld is de Veryovkina-grot;0
Volgens sommige architecten mist moderne stadsbouw menselijke schaal;1
Een zeekomkommer kan bepaalde organen opnieuw laten aangroeien;0
Veel historici beschouwen de uitvinding van de drukpers als een keerpunt in de geschiedenis;1
De planeet Uranus draait vrijwel horizontaal ten opzichte van zijn baan;0
Sommige schaakspelers vinden eindspelen interessanter dan openingen;1
Een kolibrie kan stil in de lucht blijven hangen;0
Veel reizigers beschouwen treinvervoer als ontspannender dan vliegen;1
De hoofdstad van Montenegro is Podgorica;0
Volgens sommige economen zijn eenvoudige belastingsystemen efficiënter;1
Een octopus heeft drie harten;0
Veel lezers ervaren korte verhalen als krachtiger dan romans;1
De Grote Barrièrerif ligt voor de noordoostkust van Australië;0
Volgens veel ontwerpers leidt eenvoud vaak tot betere producten;1
Een sneeuwuil leeft voornamelijk in arctische gebieden;0
Veel mensen ervaren stilte als aangenamer dan achtergrondmuziek;1
De aarde heeft één natuurlijke satelliet;0
Sommige wetenschappers beschouwen nieuwsgierigheid als een belangrijke motor van vooruitgang;1
Een komodovaraan komt van nature voor in Indonesië;0
Veel fotografen vinden ochtendlicht geschikter dan middaglicht;1
De Nijl stroomt door meerdere Afrikaanse landen;0
Volgens veel sporters is discipline belangrijker dan talent;1
Een regenboog ontstaat door breking en reflectie van licht;0
Veel studenten ervaren praktijkvoorbeelden als leerzamer dan theorie alleen;1
De hoofdstad van Slovakije is Bratislava;0
Sommige koks beschouwen eenvoud als het hoogste niveau van koken;1
Een walrus gebruikt gevoelige snorharen om voedsel te vinden;0
Veel kijkers vinden documentaires informatiever dan fictiefilms;1
Saturnus heeft een uitgebreid ringsysteem;0
Volgens sommige psychologen heeft routine een kalmerend effect;1
Een pinguïn behoort tot de vogels;0
Veel mensen ervaren wandelen als rustgevender dan hardlopen;1
De Amazone bevat meer water dan welke andere rivier ook;0
Sommige programmeurs vinden leesbare code belangrijker dan korte code;1
Een honingbij communiceert via dansbewegingen;0
Veel museumbezoekers waarderen originele kunstwerken meer dan reproducties;1
De aarde draait van west naar oost;0
Volgens veel leraren bevordert feedback het leerproces;1
Een vleermuis gebruikt echolocatie;0
Veel lezers ervaren een onverwacht einde als bevredigender;1
De hoofdstad van Namibië is Windhoek;0
Sommige ondernemers beschouwen consistentie als belangrijker dan snelheid;1
Een flamingo krijgt zijn roze kleur uit voedsel;0
Veel mensen ervaren natuurgebieden als aantrekkelijker dan winkelcentra;1
De maan heeft geen atmosfeer zoals de aarde;0
Volgens sommige onderzoekers levert diep werk betere resultaten op;1
Een ijsbeer heeft een zwarte huid onder zijn vacht;0
Veel reizigers vinden kleine dorpen authentieker dan grote steden;1
De planeet Mars heeft twee natuurlijke manen;0
Sommige docenten beschouwen vragen stellen als een teken van betrokkenheid;1
Een zeester heeft meestal vijf armen;0
Veel luisteraars vinden liveoptredens indrukwekkender dan studio-opnames;1
De hoofdstad van Bhutan is Thimphu;0
Volgens sommige managers werkt autonomie motiverender dan controle;1
Een albatros kan enorme afstanden afleggen boven zee;0
Veel mensen ervaren fysieke boeken als prettiger dan e-books;1
De aarde heeft een magnetisch veld;0
Sommige biologen beschouwen biodiversiteit als essentieel voor stabiele ecosystemen;1
Een krokodil kan tijdens het zwemmen zijn adem lang inhouden;0
Veel architecten vinden daglicht belangrijk voor wooncomfort;1
De Noordelijke IJszee is de kleinste oceaan;0
Volgens sommige historici hebben handelsroutes meer invloed gehad dan oorlogen;1
Een regenworm ademt via zijn huid;0
Veel mensen ervaren zelfgemaakte maaltijden als waardevoller dan afhaalmaaltijden;1
De hoofdstad van Laos is Vientiane;0
Sommige schrijvers vinden herschrijven belangrijker dan het eerste concept;1
Een giraffe heeft zeven nekwervels;0
Veel sportliefhebbers beschouwen teamwork als bepalender dan individuele klasse;1
De aarde is afgeplat aan de polen;0
Volgens sommige filosofen ontstaat wijsheid door ervaring;1
Een koala eet voornamelijk eucalyptusbladeren;0
Veel reizigers ervaren nachttreinen als avontuurlijker dan dagtreinen;1
De planeet Neptunus heeft zeer sterke winden;0
Sommige onderzoekers beschouwen samenwerking als de sleutel tot innovatie;1
Een narwal heeft een lange slagtand;0
Veel lezers vinden historische romans meeslepender dan moderne romans;1
De hoofdstad van Suriname is Paramaribo;0
Volgens sommige ontwerpers is witruimte een essentieel onderdeel van vormgeving;1
Een vuurvlieg produceert licht via bioluminescentie;0
Veel bezoekers ervaren oude bibliotheken als inspirerende plekken;1
De aarde draait eenmaal per jaar om de zon;0
Sommige economen beschouwen vertrouwen als een fundament van markten;1
Een zeepaardje draagt zijn jongen in een broedbuidel;0
Veel mensen ervaren een opgeruimde ruimte als productiever;1
De Grote Sfinx staat in Egypte;0
Volgens sommige musici is timing belangrijker dan techniek;1
Een panda eet voornamelijk bamboe;0
Veel natuurliefhebbers beschouwen regenwouden als de meest indrukwekkende ecosystemen;1
De hoofdstad van Botswana is Gaborone;0
Sommige onderzoekers vinden nieuwsgierigheid belangrijker dan intelligentie;1
Een papegaaivis helpt bij de vorming van zandstranden;0
Veel reizigers ervaren eilandculturen als unieker dan vastelandculturen;1
De zon bestaat voornamelijk uit waterstof en helium;0
Volgens sommige coaches leidt consistent trainen tot betere resultaten dan intensief trainen;1
Een luipaard sleept prooien soms een boom in;0
Veel lezers beschouwen karakterontwikkeling als belangrijker dan plot;1
De hoofdstad van Georgië is Tbilisi;0
Sommige historici vinden primaire bronnen betrouwbaarder dan latere interpretaties;1
Een kameleon kan van kleur veranderen;0
Veel mensen ervaren ambachtelijke producten als waardevoller dan massaproducten;1
De aarde heeft zeven continenten;0
Volgens sommige wetenschappers ontstaan de beste ideeën door langdurige observatie;1
Een bever bouwt dammen van takken en modder;0
Veel bezoekers vinden nationale parken indrukwekkender dan attractieparken;1
De hoofdstad van Kirgizië is Bisjkek;0
Sommige kunstenaars beschouwen beperkingen als een bron van creativiteit;1
Een maanvis kan honderden kilo's wegen;0
Veel wandelaars ervaren bergpaden als uitdagender dan bosroutes;1
De Atlantische Oceaan ligt tussen Europa en Noord-Amerika;0
Volgens sommige leraren bevordert zelfreflectie duurzaam leren;1
Een termietenkolonie kan miljoenen individuen bevatten;0
Veel fotografen beschouwen compositie als belangrijker dan apparatuur;1
De hoofdstad van Madagaskar is Antananarivo;0
Sommige managers vinden duidelijke communicatie belangrijker dan uitgebreide planning;1
Een ijsvogel jaagt op kleine vissen;0
Veel lezers ervaren non-fictie als nuttiger dan fictie;1
De aarde bevat een vloeibare buitenkern;0
Volgens sommige onderzoekers levert specialisatie betere resultaten op dan generalisatie;1
Een valk kan zeer hoge snelheden bereiken tijdens een duikvlucht;0
Veel reizigers vinden berggebieden indrukwekkender dan kustgebieden;1
De klok in het gemeentehuis liep drie minuten achter;0
Volgens veel bezoekers heeft dit plein een unieke sfeer;1
Een kameleon kan van kleur veranderen;0
Deze steeg lijkt rechtstreeks uit een mysterieroman te komen;1
De rivier bereikte haar hoogste waterstand van het jaar;0
Veel mensen vinden herfst het mooiste seizoen;1
Een honingbij communiceert via een dans;0
Deze film voelt als een eindeloze omweg;1
De windturbine draaide met constante snelheid;0
Sommigen beschouwen dit gebouw als een architectonisch meesterwerk;1
Een ijsbeer heeft een dikke vacht;0
Deze tuin straalt meer rust uit dan een gemiddeld park;1
De trein vertrok exact op tijd;0
Veel leerlingen vinden deze opdracht onnodig ingewikkeld;1
Een walvis is een zoogdier;0
Deze straat heeft meer karakter dan de meeste winkelcentra;1
De maan voltooit een baan rond de aarde in ongeveer 27 dagen;0
Volgens haar is dit het beste boek van het decennium;1
Een vuurtoren helpt schepen bij navigatie;0
Deze kamer voelt verrassend ruim aan;1
Het station werd geopend in 1898;0
Veel reizigers vinden deze route bijzonder mooi;1
Een regenboog ontstaat door breking en reflectie van licht;0
Deze muziek klinkt alsof de tijd vertraagt;1
De brug overspant een afstand van tweehonderd meter;0
Volgens hem mist deze film een sterk verhaal;1
Een dolfijn gebruikt geluidsgolven voor oriëntatie;0
Deze bibliotheek heeft een bijna magische uitstraling;1
Het meer bevroor tijdens de koude winter;0
Veel bewoners beschouwen dit als de gezelligste wijk van de stad;1
Een specht hakt gaten in bomen;0
Deze vergadering leek langer te duren dan nodig was;1
De satelliet verzamelde gegevens over het weer;0
Volgens haar heeft dit schilderij een bijzondere emotionele lading;1
Een eikel kan uitgroeien tot een eikenboom;0
Deze geur past perfect bij een regenachtige avond;1
De vulkaan vertoonde verhoogde activiteit;0
Veel bezoekers ervaren deze plek als rustgevend;1
Een spin maakt een web van zijde;0
Deze trap lijkt ontworpen zonder aandacht voor comfort;1
De klok sloeg twaalf keer;0
Volgens hem is dit restaurant zwaar overschat;1
Een zeester behoort tot de stekelhuidigen;0
Deze roman leest als een prachtige herinnering;1
De tunnel loopt onder de rivier door;0
Veel studenten vinden dit vak interessant;1
Een adelaar heeft een uitstekend gezichtsvermogen;0
Deze straatverlichting geeft de buurt een warme uitstraling;1
De temperatuur daalde tot onder nul graden;0
Volgens haar was dit concert onvergetelijk;1
Een koraalrif biedt leefruimte aan duizenden organismen;0
Deze stoel lijkt gemaakt voor korte bezoeken;1
De trein passeerde vijf stations;0
Veel mensen vinden deze app gebruiksvriendelijk;1
Een komeet draait om de zon;0
Deze route is mooier dan veel toeristische alternatieven;1
De antenne ontving radiosignalen;0
Volgens hem voelt deze ruimte ongezellig aan;1
Een uil jaagt voornamelijk 's nachts;0
Deze melodie klinkt verrassend tijdloos;1
Het schip voer de haven binnen;0
Veel wandelaars beschouwen dit pad als bijzonder sfeervol;1
Een lawine bestaat uit snel bewegende sneeuw;0
Deze film heeft een einde dat lang blijft nazinderen;1
De batterij leverde twaalf volt spanning;0
Volgens haar oogt dit gebouw indrukwekkend;1
Een sneeuwvlok bestaat uit ijskristallen;0
Deze wijk heeft een opvallend vriendelijke sfeer;1
De rivier stroomde door een smalle kloof;0
Veel lezers vinden dit boek inspirerend;1
Een valk kan tijdens een duikvlucht zeer hoge snelheden bereiken;0
Deze tuin lijkt met uitzonderlijke zorg onderhouden;1
Het vliegtuig bereikte een hoogte van tien kilometer;0
Volgens hem is dit de mooiste brug van het land;1
Een schildpad legt eieren;0
Deze kamer voelt alsof de tijd er stilstaat;1
De zonnepanelen produceerden elektriciteit;0
Veel bezoekers ervaren dit museum als indrukwekkend;1
Een prisma kan licht opsplitsen in kleuren;0
Deze soep smaakt verrassend verfijnd;1
De wind draaide naar het westen;0
Volgens haar heeft deze stad een unieke charme;1
Een vleermuis gebruikt echolocatie;0
Deze straat lijkt gemaakt voor avondwandelingen;1
De lift heeft een capaciteit van acht personen;0
Veel gasten vinden dit hotel bijzonder comfortabel;1
Een regenmeter meet de hoeveelheid neerslag;0
Deze voorstelling wist het publiek volledig mee te nemen;1
Het ijs op het meer was zes centimeter dik;0
Volgens hem heeft deze foto iets tijdloos;1
Een bever bouwt dammen van hout;0
Deze boekwinkel voelt als een verborgen schat;1
De zon kwam op om 05:21 uur;0
Veel bezoekers vinden deze kustlijn adembenemend;1
Een kraai behoort tot de zangvogels;0
Deze ruimte heeft meer sfeer dan de architect waarschijnlijk bedoelde;1
De brug werd versterkt met stalen kabels;0
Volgens haar verdient dit kunstwerk meer waardering;1
Een zeilboot gebruikt windkracht om vooruit te komen;0
Deze locatie voelt afgezonderd van de rest van de wereld;1
De raket bereikte de ruimte;0
Veel mensen beschouwen dit als een uitstekende oplossing;1
Een cactus slaat water op in zijn stengel;0
Deze muziek klinkt als een reis door herinneringen;1
De klok wordt aangedreven door een mechanisch uurwerk;0
Volgens hem is dit plein veel aantrekkelijker dan het centrum;1



